text,marked_labels,id_labels
!,{'–ù–µ—Ç —Å–º—ã—Å–ª–∞'},[19]
(,{'–ù–µ—Ç —Å–º—ã—Å–ª–∞'},[19]
-,{'–ù–µ—Ç —Å–º—ã—Å–ª–∞'},[19]
.,{'–ù–µ—Ç —Å–º—ã—Å–ª–∞'},[19]
...,{'–ù–µ—Ç —Å–º—ã—Å–ª–∞'},[19]
:),{'–ù–µ—Ç —Å–º—ã—Å–ª–∞'},[19]
:[NUM],{'–ù–µ—Ç —Å–º—ã—Å–ª–∞'},[19]
[NUM],{'–ù–µ—Ç —Å–º—ã—Å–ª–∞'},[19]
–ë—ã–≤–∞–µ—Ç –¥–æ–ª–≥–∞—è –¥–æ—Å—Ç–∞–≤–∫–∞,{'–î–æ–ª–≥–∞—è –¥–æ—Å—Ç–∞–≤–∫–∞'},[0]
–ë—ã—Å—Ç—Ä–∞—è –¥–æ—Å—Ç–∞–≤–∫–∞,{'–°–ø–∞—Å–∏–±–æ'},[18]
–ë—ã—Å—Ç—Ä–æ,{'–°–ø–∞—Å–∏–±–æ'},[18]
"–ë—ã—Å—Ç—Ä–æ, —É–¥–æ–±–Ω–æ, –¥–æ—Å—Ç—É–ø–Ω–æ",{'–°–ø–∞—Å–∏–±–æ'},[18]
–í –ø–æ—Å–ª–µ–¥–Ω–µ–µ –≤—Ä–µ–º—è –¥–æ–ª–≥–∞—è –¥–æ—Å—Ç–∞–≤–∫–∞,{'–î–æ—Å—Ç–∞–≤–∫–∞ —Å—Ç–∞–ª–∞ –¥–æ–ª–≥–æ–π'},[1]
–í –ø–æ—Å–ª–µ–¥–Ω–µ–µ –≤—Ä–µ–º—è –æ—á–µ–Ω—å –¥–æ–ª–≥–∞—è –¥–æ—Å—Ç–∞–≤–∫–∞,{'–î–æ—Å—Ç–∞–≤–∫–∞ —Å—Ç–∞–ª–∞ –¥–æ–ª–≥–æ–π'},[1]
–í –ø–æ—Å–ª–µ–¥–Ω–µ–µ –≤—Ä–µ–º—è –æ—á–µ–Ω—å –¥–æ–ª–≥–æ –¥–æ—Å—Ç–∞–≤–ª—è—é—Ç—Å—è –∑–∞–∫–∞–∑—ã,{'–î–æ—Å—Ç–∞–≤–∫–∞ —Å—Ç–∞–ª–∞ –¥–æ–ª–≥–æ–π'},[1]
–í –ø–æ—Å–ª–µ–¥–Ω–µ–µ –≤—Ä–µ–º—è —Å–ª–∏—à–∫–æ–º –¥–æ–ª–≥–∞—è –¥–æ—Å—Ç–∞–≤–∫–∞,{'–î–æ—Å—Ç–∞–≤–∫–∞ —Å—Ç–∞–ª–∞ –¥–æ–ª–≥–æ–π'},[1]
–í —Ü–µ–ª–æ–º –≤—Å–µ –Ω–µ –ø–ª–æ—Ö–æ,{'–í—Å—ë –Ω–æ—Ä–º–∞–ª—å–Ω–æ'},[20]
–í —Ü–µ–ª–æ–º –Ω–µ–ø–ª–æ—Ö–æ,{'–í—Å—ë –Ω–æ—Ä–º–∞–ª—å–Ω–æ'},[20]
–í—Ä–µ–º—è –¥–æ—Å—Ç–∞–≤–∫–∏ –Ω–µ —Å–æ–æ—Ç–≤–µ—Ç—Å—Ç–≤—É–µ—Ç,{'–í—Ä–µ–º—è –¥–æ—Å—Ç–∞–≤–∫–∏ –Ω–µ —Å–æ–æ—Ç–≤–µ—Ç—Å—Ç–≤—É–µ—Ç –∑–∞—è–≤–ª–µ–Ω–æ–º—É'},[2]
–í—Ä–µ–º—è –¥–æ—Å—Ç–∞–≤–∫–∏ –Ω–µ —Å–æ–æ—Ç–≤–µ—Ç—Å—Ç–≤—É–µ—Ç –¥–µ–π—Å—Ç–≤–∏—Ç–µ–ª—å–Ω–æ—Å—Ç–∏,{'–í—Ä–µ–º—è –¥–æ—Å—Ç–∞–≤–∫–∏ –Ω–µ —Å–æ–æ—Ç–≤–µ—Ç—Å—Ç–≤—É–µ—Ç –∑–∞—è–≤–ª–µ–Ω–æ–º—É'},[2]
–í—Å–µ –≥—É–¥,{'–°–ø–∞—Å–∏–±–æ'},[18]
–í—Å–µ –∫—Ä—É—Ç–æ,{'–í—Å—ë –Ω–æ—Ä–º–∞–ª—å–Ω–æ'},[20]
–í—Å–µ –Ω–æ—Ä–º,{'–°–ø–∞—Å–∏–±–æ'},[18]
–í—Å–µ –Ω–æ—Ä–º–∞–ª—å–Ω–æ,{'–í—Å—ë –Ω–æ—Ä–º–∞–ª—å–Ω–æ'},[20]
–í—Å–µ –Ω—Ä–∞–≤–∏—Ç—Å—è,{'–°–ø–∞—Å–∏–±–æ'},[18]
–í—Å–µ –æ–∫,{'–°–ø–∞—Å–∏–±–æ'},[18]
–í—Å–µ –æ—Ç–ª–∏—á–Ω–æ,{'–°–ø–∞—Å–∏–±–æ'},[18]
–í—Å–µ –æ—á–µ–Ω—å –¥–æ—Ä–æ–≥–æ,{'–í—ã—Å–æ–∫–∏–µ —Ü–µ–Ω—ã'},[12]
–í—Å–µ –ø–ª–æ—Ö–æ,{'–í—Å—ë –ø–ª–æ—Ö–æ'},[21]
–í—Å–µ —Å—É–ø–µ—Ä,{'–°–ø–∞—Å–∏–±–æ'},[18]
"–í—Å–µ —Å—É–ø–µ—Ä, –∫—Ä–æ–º–µ —Ü–µ–Ω","{'–°–ø–∞—Å–∏–±–æ', '–í—ã—Å–æ–∫–∏–µ —Ü–µ–Ω—ã'}","[18, 12]"
–í—Å–µ —É—Å—Ç—Ä–∞–∏–≤–∞–µ—Ç,{'–í—Å—ë –Ω–æ—Ä–º–∞–ª—å–Ω–æ'},[20]
–í—Å–µ —Ö–æ—Ä–æ—à–æ,{'–°–ø–∞—Å–∏–±–æ'},[18]
–í—Å–µ —Ö–æ—Ä–æ—à–æ!,{'–°–ø–∞—Å–∏–±–æ'},[18]
–í—Å–µ–≥–æ —Ö–æ—Ä–æ—à–µ–≥–æ,{'–ù–µ—Ç —Å–º—ã—Å–ª–∞'},[19]
–í—Å—ë –Ω–æ—Ä–º–∞–ª—å–Ω–æ,{'–í—Å—ë –Ω–æ—Ä–º–∞–ª—å–Ω–æ'},[20]
–í—Å—ë –æ–∫,{'–°–ø–∞—Å–∏–±–æ'},[18]
–í—Å—ë –æ—Ç–ª–∏—á–Ω–æ,{'–°–ø–∞—Å–∏–±–æ'},[18]
–í—Å—ë —Å—É–ø–µ—Ä,{'–°–ø–∞—Å–∏–±–æ'},[18]
–í—Å—ë —Ö–æ—Ä–æ—à–æ,{'–°–ø–∞—Å–∏–±–æ'},[18]
"–í—Å—ë, —á—Ç–æ –¥—É–º–∞–µ—Ç–µ –æ –Ω–∞—Å",{'–ù–µ—Ç —Å–º—ã—Å–ª–∞'},[19]
–í—ã –ª—É—á—à–∏–µ,{'–°–ø–∞—Å–∏–±–æ'},[18]
–í—ã—Å–æ–∫–∏–µ —Ü–µ–Ω—ã,{'–í—ã—Å–æ–∫–∏–µ —Ü–µ–Ω—ã'},[12]
–ì–æ–≤–Ω–æ,{'–ù–µ—Ç —Å–º—ã—Å–ª–∞'},[19]
–ì–æ—Ç–æ–≤–æ,{'–ù–µ—Ç —Å–º—ã—Å–ª–∞'},[19]
–î–∞,{'–ù–µ—Ç —Å–º—ã—Å–ª–∞'},[19]
–î–æ–ª–≥–∞—è –¥–æ—Å—Ç–∞–≤–∫–∞,{'–î–æ–ª–≥–∞—è –¥–æ—Å—Ç–∞–≤–∫–∞'},[0]
–î–æ–ª–≥–æ,{'–î–æ–ª–≥–∞—è –¥–æ—Å—Ç–∞–≤–∫–∞'},[0]
–î–æ–ª–≥–æ –≤–µ–∑—É—Ç,{'–î–æ–ª–≥–∞—è –¥–æ—Å—Ç–∞–≤–∫–∞'},[0]
–î–æ–ª–≥–æ –¥–æ—Å—Ç–∞–≤–∫–∞,{'–î–æ–ª–≥–∞—è –¥–æ—Å—Ç–∞–≤–∫–∞'},[0]
–î–æ–ª–≥–æ –¥–æ—Å—Ç–∞–≤–ª—è–µ—Ç–µ,{'–î–æ–ª–≥–∞—è –¥–æ—Å—Ç–∞–≤–∫–∞'},[0]
–î–æ–ª–≥–æ –¥–æ—Å—Ç–∞–≤–ª—è—é—Ç,{'–î–æ–ª–≥–∞—è –¥–æ—Å—Ç–∞–≤–∫–∞'},[0]
–î–æ–ª–≥–æ –¥–æ—Å—Ç–∞–≤–ª—è—é—Ç –∑–∞–∫–∞–∑,{'–î–æ–ª–≥–∞—è –¥–æ—Å—Ç–∞–≤–∫–∞'},[0]
–î–æ–ª–≥–æ –∂–¥–∞—Ç—å,{'–î–æ–ª–≥–∞—è –¥–æ—Å—Ç–∞–≤–∫–∞'},[0]
–î–æ–ª–≥–æ –∫—É—Ä—å–µ—Ä—ã –¥–æ—Å—Ç–∞–≤–ª—è—é—Ç,{'–î–æ–ª–≥–∞—è –¥–æ—Å—Ç–∞–≤–∫–∞'},[0]
–î–æ–ª–≥–æ –æ—á–µ–Ω—å,{'–î–æ–ª–≥–∞—è –¥–æ—Å—Ç–∞–≤–∫–∞'},[0]
–î–æ–ª–≥–æ —Å—Ç–∞–ª–∏ –¥–æ—Å—Ç–∞–≤–ª—è—Ç—å,{'–î–æ—Å—Ç–∞–≤–∫–∞ —Å—Ç–∞–ª–∞ –¥–æ–ª–≥–æ–π'},[1]
–î–æ–ª–≥–æ–µ –æ–∂–∏–¥–∞–Ω–∏–µ,{'–î–æ–ª–≥–∞—è –¥–æ—Å—Ç–∞–≤–∫–∞'},[0]
–î–æ–ª–≥–æ–æ–æ–æ–æ,{'–î–æ–ª–≥–∞—è –¥–æ—Å—Ç–∞–≤–∫–∞'},[0]
–î–æ—Ä–æ–≥–∏–µ —Ü–µ–Ω—ã,{'–í—ã—Å–æ–∫–∏–µ —Ü–µ–Ω—ã'},[12]
–î–æ—Ä–æ–≥–æ,{'–í—ã—Å–æ–∫–∏–µ —Ü–µ–Ω—ã'},[12]
–î–æ—Ä–æ–≥–æ —É –≤–∞—Å,{'–í—ã—Å–æ–∫–∏–µ —Ü–µ–Ω—ã'},[12]
"–î–æ—Ä–æ–≥–æ, –Ω–æ —É–¥–æ–±–Ω–æ",{'–í—ã—Å–æ–∫–∏–µ —Ü–µ–Ω—ã'},[12]
–î–æ—Ä–æ–≥–æ–≤–∞—Ç–æ,{'–í—ã—Å–æ–∫–∏–µ —Ü–µ–Ω—ã'},[12]
–î–æ—Å—Ç–∞–≤–∫–∞ –¥–æ–ª–≥–∞—è,{'–î–æ–ª–≥–∞—è –¥–æ—Å—Ç–∞–≤–∫–∞'},[0]
–î–æ—Å—Ç–∞–≤–∫–∞ –æ—á–µ–Ω—å –¥–æ–ª–≥–∞—è,{'–î–æ–ª–≥–∞—è –¥–æ—Å—Ç–∞–≤–∫–∞'},[0]
–î–æ—Å—Ç–∞–≤–∫–∞ —Å—Ç–∞–ª–∞ –¥–æ–ª–≥–æ–π,{'–î–æ—Å—Ç–∞–≤–∫–∞ —Å—Ç–∞–ª–∞ –¥–æ–ª–≥–æ–π'},[1]
–î–æ—Å—Ç–∞–≤–∫–∞ —É–∂–∞—Å–Ω–∞—è,{'–í—Å—ë –ø–ª–æ—Ö–æ'},[21]
–î–æ—Å—Ç–∞–≤–∫–∞ —á–∞—Å—Ç–æ –∑–∞–¥–µ—Ä–∂–∏–≤–∞–µ—Ç—Å—è,{'–†–µ–≥—É–ª—è—Ä–Ω—ã–µ –æ–ø–æ–∑–¥–∞–Ω–∏—è'},[3]
–ï—Å—Ç—å –∫—É–¥–∞ —Ä–∞—Å—Ç–∏,{'–ù–µ—Ç —Å–º—ã—Å–ª–∞'},[19]
–ó–∞–≤—ã—à–µ–Ω–Ω—ã–µ —Ü–µ–Ω—ã,{'–í—ã—Å–æ–∫–∏–µ —Ü–µ–Ω—ã'},[12]
–ó–∞–¥–µ—Ä–∂–∫–∞ –¥–æ—Å—Ç–∞–≤–∫–∏,{'–í—Ä–µ–º—è –¥–æ—Å—Ç–∞–≤–∫–∏ –Ω–µ —Å–æ–æ—Ç–≤–µ—Ç—Å—Ç–≤—É–µ—Ç –∑–∞—è–≤–ª–µ–Ω–æ–º—É'},[2]
–ó–±—Å,{'–ù–µ—Ç —Å–º—ã—Å–ª–∞'},[19]
–ò–Ω–æ–≥–¥–∞ –æ—á–µ–Ω—å –¥–æ–ª–≥–æ,"{'–î–æ–ª–≥–∞—è –¥–æ—Å—Ç–∞–≤–∫–∞', '–†–µ–≥—É–ª—è—Ä–Ω—ã–µ –æ–ø–æ–∑–¥–∞–Ω–∏—è'}","[0, 3]"
–ö–ª–∞—Å—Å,{'–ù–µ—Ç —Å–º—ã—Å–ª–∞'},[19]
–ö—Ä—É—Ç–æ,{'–í—Å—ë –Ω–æ—Ä–º–∞–ª—å–Ω–æ'},[20]
–ö—É—Ä—å–µ—Ä—ã –ø–æ—Å—Ç–æ—è–Ω–Ω–æ –∑–∞–¥–µ—Ä–∂–∏–≤–∞—é—Ç—Å—è,{'–†–µ–≥—É–ª—è—Ä–Ω—ã–µ –æ–ø–æ–∑–¥–∞–Ω–∏—è'},[3]
–ö—É—Ä—å–µ—Ä—ã –ø–æ—Å—Ç–æ—è–Ω–Ω–æ –æ–ø–∞–∑–¥—ã–≤–∞—é—Ç,{'–†–µ–≥—É–ª—è—Ä–Ω—ã–µ –æ–ø–æ–∑–¥–∞–Ω–∏—è'},[3]
–ö—É—Ä—å–µ—Ä—ã —á–∞—Å—Ç–æ –æ–ø–∞–∑–¥—ã–≤–∞—é—Ç,{'–†–µ–≥—É–ª—è—Ä–Ω—ã–µ –æ–ø–æ–∑–¥–∞–Ω–∏—è'},[3]
–õ–∞–≤–∫–∞ –ª—É—á—à–µ,"{'–í—Å—ë –ø–ª–æ—Ö–æ', '–°—Ä–∞–≤–Ω–∏–≤–∞—é—Ç —Å –∫–æ–Ω–∫—É—Ä–µ–Ω—Ç–∞–º–∏'}","[21, 36]"
–õ—é–±–ª—é –≤–∞—Å,{'–°–ø–∞—Å–∏–±–æ'},[18]
–ú–∞–ª–µ–Ω—å–∫–∏–π –∞—Å—Å–æ—Ä—Ç–∏–º–µ–Ω—Ç,{'–ú–∞–ª–µ–Ω—å–∫–∏–π –∞—Å—Å–æ—Ä—Ç–∏–º–µ–Ω—Ç'},[28]
–ú–∞–ª–µ–Ω—å–∫–∏–π –≤—ã–±–æ—Ä,{'–ú–∞–ª–µ–Ω—å–∫–∏–π –∞—Å—Å–æ—Ä—Ç–∏–º–µ–Ω—Ç'},[28]
–ú–∞–ª–æ –∞—Å—Å–æ—Ä—Ç–∏–º–µ–Ω—Ç–∞,{'–ú–∞–ª–µ–Ω—å–∫–∏–π –∞—Å—Å–æ—Ä—Ç–∏–º–µ–Ω—Ç'},[28]
–ú–∞–ª–æ –≤—ã–±–æ—Ä–∞,{'–ú–∞–ª–µ–Ω—å–∫–∏–π –∞—Å—Å–æ—Ä—Ç–∏–º–µ–Ω—Ç'},[28]
–ú–∞–ª–æ —Ç–æ–≤–∞—Ä–æ–≤,{'–ú–∞–ª–µ–Ω—å–∫–∏–π –∞—Å—Å–æ—Ä—Ç–∏–º–µ–Ω—Ç'},[28]
–ú–µ–¥–ª–µ–Ω–Ω–æ,{'–î–æ–ª–≥–∞—è –¥–æ—Å—Ç–∞–≤–∫–∞'},[0]
–ú–Ω–µ –Ω—Ä–∞–≤–∏—Ç—Å—è,{'–°–ø–∞—Å–∏–±–æ'},[18]
–ú–æ–∂–Ω–æ –ª—É—á—à–µ,{'–ù–µ —Ç—è–Ω–µ—Ç –Ω–∞ —Ç–µ–Ω–¥–µ–Ω—Ü–∏—é'},[39]
–ú–æ–ª–æ–¥—Ü—ã,{'–°–ø–∞—Å–∏–±–æ'},[18]
–ù,{'–ù–µ—Ç —Å–º—ã—Å–ª–∞'},[19]
–ù–µ –¥—É–º–∞—é –æ –≤–∞—Å,{'–ù–µ—Ç —Å–º—ã—Å–ª–∞'},[19]
–ù–µ –ø–ª–æ—Ö–æ,{'–í—Å—ë –Ω–æ—Ä–º–∞–ª—å–Ω–æ'},[20]
–ù–µ —Ö–≤–∞—Ç–∞–µ—Ç –æ—Ç—Å–ª–µ–∂–∏–≤–∞–Ω–∏—è –∫—É—Ä—å–µ—Ä–∞ –Ω–∞ –∫–∞—Ä—Ç–µ,{'–ö—É—Ä—å–µ—Ä –Ω–∞ –∫–∞—Ä—Ç–µ'},[5]
–ù–µ–ø–ª–æ—Ö–æ,{'–í—Å—ë –Ω–æ—Ä–º–∞–ª—å–Ω–æ'},[20]
–ù–µ—á–µ–≥–æ,{'–í—Å—ë –Ω–æ—Ä–º–∞–ª—å–Ω–æ'},[20]
–ù–∏—á–µ–≥–æ,{'–ù–µ—Ç —Å–º—ã—Å–ª–∞'},[19]
–ù–∏—á–µ–≥–æ –Ω–µ –¥—É–º–∞—é,{'–ù–µ—Ç —Å–º—ã—Å–ª–∞'},[19]
–ù–∏—á–µ–≥–æ —Ö–æ—Ä–æ—à–µ–≥–æ,{'–í—Å—ë –ø–ª–æ—Ö–æ'},[21]
–ù–∏—á–µ–≥–æ.,{'–í—Å—ë –Ω–æ—Ä–º–∞–ª—å–Ω–æ'},[20]
–ù–æ—Ä–º,{'–í—Å—ë –Ω–æ—Ä–º–∞–ª—å–Ω–æ'},[20]
–ù–æ—Ä–º–∞–ª—å–Ω–æ,{'–í—Å—ë –Ω–æ—Ä–º–∞–ª—å–Ω–æ'},[20]
–ù–æ—Ä–º–∏–∫,{'–í—Å—ë –Ω–æ—Ä–º–∞–ª—å–Ω–æ'},[20]
–ù—É —Ç–∞–∫–æ–µ,{'–ù–µ—Ç —Å–º—ã—Å–ª–∞'},[19]
–û,{'–ù–µ—Ç —Å–º—ã—Å–ª–∞'},[19]
–û–∫,{'–ù–µ—Ç —Å–º—ã—Å–ª–∞'},[19]
–û–ø–æ–∑–¥–∞–Ω–∏—è,{'–†–µ–≥—É–ª—è—Ä–Ω—ã–µ –æ–ø–æ–∑–¥–∞–Ω–∏—è'},[3]
–û—Ç–≤—Ä–∞—Ç–∏—Ç–µ–ª—å–Ω—ã–π —Å–µ—Ä–≤–∏—Å,{'–í—Å—ë –ø–ª–æ—Ö–æ'},[21]
–û—Ç–ª–∏—á–Ω–æ,{'–°–ø–∞—Å–∏–±–æ'},[18]
–û—á–µ–Ω—å –¥–æ–ª–≥–∞—è –¥–æ—Å—Ç–∞–≤–∫–∞,{'–î–æ–ª–≥–∞—è –¥–æ—Å—Ç–∞–≤–∫–∞'},[0]
–û—á–µ–Ω—å –¥–æ–ª–≥–∞—è –¥–æ—Å—Ç–∞–≤–∫–∞ –≤ –ø–æ—Å–ª–µ–¥–Ω–µ–µ –≤—Ä–µ–º—è,{'–î–æ—Å—Ç–∞–≤–∫–∞ —Å—Ç–∞–ª–∞ –¥–æ–ª–≥–æ–π'},[1]
–û—á–µ–Ω—å –¥–æ–ª–≥–∞—è –¥–æ—Å—Ç–∞–≤–∫–∞ —Å—Ç–∞–ª–∞,{'–î–æ–ª–≥–∞—è –¥–æ—Å—Ç–∞–≤–∫–∞'},[0]
–û—á–µ–Ω—å –¥–æ–ª–≥–∞—è –¥–æ—Å—Ç–∞–≤–∫–∞!,{'–î–æ–ª–≥–∞—è –¥–æ—Å—Ç–∞–≤–∫–∞'},[0]
–û—á–µ–Ω—å –¥–æ–ª–≥–∏–µ –¥–æ—Å—Ç–∞–≤–∫–∏,{'–î–æ–ª–≥–∞—è –¥–æ—Å—Ç–∞–≤–∫–∞'},[0]
–û—á–µ–Ω—å –¥–æ–ª–≥–æ,{'–î–æ–ª–≥–∞—è –¥–æ—Å—Ç–∞–≤–∫–∞'},[0]
–û—á–µ–Ω—å –¥–æ–ª–≥–æ –¥–æ—Å—Ç–∞–≤–ª—è–µ—Ç–µ,{'–î–æ–ª–≥–∞—è –¥–æ—Å—Ç–∞–≤–∫–∞'},[0]
–û—á–µ–Ω—å –¥–æ–ª–≥–æ –¥–æ—Å—Ç–∞–≤–ª—è—é—Ç!,{'–î–æ–ª–≥–∞—è –¥–æ—Å—Ç–∞–≤–∫–∞'},[0]
–û—á–µ–Ω—å –¥–æ–ª–≥–æ –µ–¥–µ—Ç –∑–∞–∫–∞–∑,{'–î–æ–ª–≥–∞—è –¥–æ—Å—Ç–∞–≤–∫–∞'},[0]
–û—á–µ–Ω—å –¥–æ–ª–≥–æ –∂–¥–∞—Ç—å,{'–î–æ–ª–≥–∞—è –¥–æ—Å—Ç–∞–≤–∫–∞'},[0]
–û—á–µ–Ω—å –¥–æ–ª–≥–æ –∂–¥—É –∑–∞–∫–∞–∑,{'–î–æ–ª–≥–∞—è –¥–æ—Å—Ç–∞–≤–∫–∞'},[0]
–û—á–µ–Ω—å –¥–æ–ª–≥–æ —Å–æ–±–∏—Ä–∞—é—Ç –∑–∞–∫–∞–∑—ã,{'–î–æ–ª–≥–æ –Ω–∞ —Å–±–æ—Ä–∫–µ'},[35]
–û—á–µ–Ω—å –¥–æ–ª–≥–æ!,{'–î–æ–ª–≥–∞—è –¥–æ—Å—Ç–∞–≤–∫–∞'},[0]
–û—á–µ–Ω—å –¥–æ—Ä–æ–≥–æ,{'–í—ã—Å–æ–∫–∏–µ —Ü–µ–Ω—ã'},[12]
–û—á–µ–Ω—å –∑–∞–≤—ã—à–µ–Ω—ã —Ü–µ–Ω—ã,{'–í—ã—Å–æ–∫–∏–µ —Ü–µ–Ω—ã'},[12]
–û—á–µ–Ω—å –º–∞–ª–µ–Ω—å–∫–∏–π –∞—Å—Å–æ—Ä—Ç–∏–º–µ–Ω—Ç,{'–ú–∞–ª–µ–Ω—å–∫–∏–π –∞—Å—Å–æ—Ä—Ç–∏–º–µ–Ω—Ç'},[28]
–û—á–µ–Ω—å —Ö–æ—Ä–æ—à–æ,{'–°–ø–∞—Å–∏–±–æ'},[18]
–ü–∏–¥–æ—Ä—ã,{'–ù–µ—Ç —Å–º—ã—Å–ª–∞'},[19]
–ü–∏–∑–¥–µ—Ü,{'–ù–µ—Ç —Å–º—ã—Å–ª–∞'},[19]
–ü–ª–æ—Ö–æ,{'–í—Å—ë –ø–ª–æ—Ö–æ'},[21]
–ü–ª–æ—Ö–æ –¥—É–º–∞—é,{'–í—Å—ë –ø–ª–æ—Ö–æ'},[21]
–ü–ª–æ—Ö–æ–µ,{'–í—Å—ë –ø–ª–æ—Ö–æ'},[21]
–ü–ª–æ—Ö–æ–π —Å–µ—Ä–≤–∏—Å,{'–í—Å—ë –ø–ª–æ—Ö–æ'},[21]
–ü–æ–π–¥–µ—Ç,{'–í—Å—ë –Ω–æ—Ä–º–∞–ª—å–Ω–æ'},[20]
–ü–æ–π–¥—ë—Ç,{'–í—Å—ë –Ω–æ—Ä–º–∞–ª—å–Ω–æ'},[20]
–ü–æ–º–æ–π–∫–∞,{'–ù–µ—Ç —Å–º—ã—Å–ª–∞'},[19]
–ü–æ—Å—Ç–æ—è–Ω–Ω–æ –∑–∞–¥–µ—Ä–∂–∏–≤–∞–µ—Ç—Å—è –¥–æ—Å—Ç–∞–≤–∫–∞,{'–†–µ–≥—É–ª—è—Ä–Ω—ã–µ –æ–ø–æ–∑–¥–∞–Ω–∏—è'},[3]
–ü–æ—Å—Ç–æ—è–Ω–Ω–æ –∑–∞–¥–µ—Ä–∂–∏–≤–∞–µ—Ç—Å—è –¥–æ—Å—Ç–∞–≤–∫–∞.,{'–†–µ–≥—É–ª—è—Ä–Ω—ã–µ –æ–ø–æ–∑–¥–∞–Ω–∏—è'},[3]
–ü–æ—Å—Ç–æ—è–Ω–Ω–æ –æ–ø–∞–∑–¥—ã–≤–∞–µ—Ç–µ,{'–†–µ–≥—É–ª—è—Ä–Ω—ã–µ –æ–ø–æ–∑–¥–∞–Ω–∏—è'},[3]
–ü–æ—Å—Ç–æ—è–Ω–Ω—ã–µ –æ–ø–æ–∑–¥–∞–Ω–∏—è,{'–†–µ–≥—É–ª—è—Ä–Ω—ã–µ –æ–ø–æ–∑–¥–∞–Ω–∏—è'},[3]
–ü—Ä–∏–≤–µ—Ç,{'–ù–µ—Ç —Å–º—ã—Å–ª–∞'},[19]
–ü—Ä–∏–∫–æ–ª—å–Ω–æ,{'–°–ø–∞—Å–∏–±–æ'},[18]
–ü—Ä–æ–±–ª–µ–º—ã —Å –≤—Ä–µ–º–µ–Ω–µ–º –¥–æ—Å—Ç–∞–≤–∫–∏,"{'–í—Ä–µ–º—è –¥–æ—Å—Ç–∞–≤–∫–∏ –Ω–µ —Å–æ–æ—Ç–≤–µ—Ç—Å—Ç–≤—É–µ—Ç –∑–∞—è–≤–ª–µ–Ω–æ–º—É', '–î–æ–ª–≥–∞—è –¥–æ—Å—Ç–∞–≤–∫–∞'}","[2, 0]"
–†,{'–ù–µ—Ç —Å–º—ã—Å–ª–∞'},[19]
–†–∞–Ω—å—à–µ –±—ã–ª–æ –±—ã—Å—Ç—Ä–µ–µ),{'–î–æ—Å—Ç–∞–≤–∫–∞ —Å—Ç–∞–ª–∞ –¥–æ–ª–≥–æ–π'},[1]
–†–∞–Ω—å—à–µ –±—ã–ª–æ –ª—É—á—à–µ,{'–í—Å—ë –ø–ª–æ—Ö–æ'},[21]
–†–∞–Ω—å—à–µ –±—ã–ª–æ –ª—É—á—à–µ.,{'–í—Å—ë –ø–ª–æ—Ö–æ'},[21]
–†–µ–±—è—Ç–∞ –º–æ–ª–æ–¥—Ü—ã,{'–°–ø–∞—Å–∏–±–æ'},[18]
–°–¥–µ–ª–∞–π—Ç–µ –æ–ø–ª–∞—Ç—É –Ω–∞–ª–∏—á–Ω—ã–º–∏,{'–ü–ª–∞—Ç–µ–∂–∏'},[48]
–°–∏–ª—å–Ω–æ –∑–∞–≤—ã—à–µ–Ω—ã —Ü–µ–Ω—ã,{'–í—ã—Å–æ–∫–∏–µ —Ü–µ–Ω—ã'},[12]
–°–ª–∏—à–∫–æ–º –¥–æ–ª–≥–∞—è –¥–æ—Å—Ç–∞–≤–∫–∞,{'–î–æ–ª–≥–∞—è –¥–æ—Å—Ç–∞–≤–∫–∞'},[0]
–°–ª–∏—à–∫–æ–º –¥–æ–ª–≥–∞—è —Å—Ç–∞–ª–∞ –¥–æ—Å—Ç–∞–≤–∫–∞,{'–î–æ—Å—Ç–∞–≤–∫–∞ —Å—Ç–∞–ª–∞ –¥–æ–ª–≥–æ–π'},[1]
–°–ª–∏—à–∫–æ–º –¥–æ–ª–≥–æ,{'–î–æ–ª–≥–∞—è –¥–æ—Å—Ç–∞–≤–∫–∞'},[0]
–°–ª–∏—à–∫–æ–º –¥–æ—Ä–æ–≥–æ,{'–í—ã—Å–æ–∫–∏–µ —Ü–µ–Ω—ã'},[12]
–°–ø–∞—Å–∏–±–æ,{'–°–ø–∞—Å–∏–±–æ'},[18]
–°—Ä–µ–¥–Ω–µ,{'–í—Å—ë –Ω–æ—Ä–º–∞–ª—å–Ω–æ'},[20]
–°—Ç–∞–ª–æ –¥–æ—Ä–æ–≥–æ,{'–í—ã—Å–æ–∫–∏–µ —Ü–µ–Ω—ã'},[12]
–°—Ç–∞–ª–æ –æ—á–µ–Ω—å –¥–æ–ª–≥–æ,{'–î–æ—Å—Ç–∞–≤–∫–∞ —Å—Ç–∞–ª–∞ –¥–æ–ª–≥–æ–π'},[1]
–°—É–ø–µ—Ä,{'–°–ø–∞—Å–∏–±–æ'},[18]
–°—É–ø–µ—Ä –ø—É–ø–µ—Ä,{'–°–ø–∞—Å–∏–±–æ'},[18]
–¢–∞–∫ —Å–µ–±–µ,{'–ù–µ—Ç —Å–º—ã—Å–ª–∞'},[19]
–£–¥–æ–±–Ω–æ,{'–ù–µ—Ç —Å–º—ã—Å–ª–∞'},[19]
–£–¥–æ–±–Ω–æ –∏ –±—ã—Å—Ç—Ä–æ,{'–°–ø–∞—Å–∏–±–æ'},[18]
–£–∂–∞—Å,{'–ù–µ—Ç —Å–º—ã—Å–ª–∞'},[19]
–£–∂–∞—Å–Ω–∞—è –¥–æ—Å—Ç–∞–≤–∫–∞,{'–í—Å—ë –ø–ª–æ—Ö–æ'},[21]
–£–∂–∞—Å–Ω–æ,{'–ù–µ—Ç —Å–º—ã—Å–ª–∞'},[19]
–£–∂–∞—Å–Ω–æ –¥–æ–ª–≥–∞—è –¥–æ—Å—Ç–∞–≤–∫–∞,{'–î–æ–ª–≥–∞—è –¥–æ—Å—Ç–∞–≤–∫–∞'},[0]
–•–∑,{'–ù–µ—Ç —Å–º—ã—Å–ª–∞'},[19]
–•–æ—Ä–æ—à–∞—è –¥–æ—Å—Ç–∞–≤–∫–∞,{'–°–ø–∞—Å–∏–±–æ'},[18]
–•–æ—Ä–æ—à–∞—è —Å–ª—É–∂–±–∞ –¥–æ—Å—Ç–∞–≤–∫–∏,{'–°–ø–∞—Å–∏–±–æ'},[18]
–•–æ—Ä–æ—à–∏–π —Å–µ—Ä–≤–∏—Å,{'–°–ø–∞—Å–∏–±–æ'},[18]
–•–æ—Ä–æ—à–æ,{'–°–ø–∞—Å–∏–±–æ'},[18]
–•—É–µ—Ç–∞,{'–í—Å—ë –ø–ª–æ—Ö–æ'},[21]
–¶–µ–Ω—ã –≤—ã—Å–æ–∫–∏–µ,{'–í—ã—Å–æ–∫–∏–µ —Ü–µ–Ω—ã'},[12]
–¶–µ–Ω—ã –∑–∞–≤—ã—à–µ–Ω—ã,{'–í—ã—Å–æ–∫–∏–µ —Ü–µ–Ω—ã'},[12]
–¶–µ–Ω—ã –æ—á–µ–Ω—å –≤—ã—Å–æ–∫–∏–µ,{'–í—ã—Å–æ–∫–∏–µ —Ü–µ–Ω—ã'},[12]
–¶–µ–Ω—ã –æ—á–µ–Ω—å –∑–∞–≤—ã—à–µ–Ω—ã,{'–í—ã—Å–æ–∫–∏–µ —Ü–µ–Ω—ã'},[12]
–ß–∞—Å—Ç–æ –¥–æ–ª–≥–∞—è –¥–æ—Å—Ç–∞–≤–∫–∞,{'–î–æ–ª–≥–∞—è –¥–æ—Å—Ç–∞–≤–∫–∞'},[0]
–ß–∞—Å—Ç–æ –∑–∞–¥–µ—Ä–∂–∏–≤–∞–µ—Ç—Å—è –¥–æ—Å—Ç–∞–≤–∫–∞,{'–†–µ–≥—É–ª—è—Ä–Ω—ã–µ –æ–ø–æ–∑–¥–∞–Ω–∏—è'},[3]
–ß–∞—Å—Ç–æ –∑–∞–¥–µ—Ä–∂–∏–≤–∞—é—Ç—Å—è –∫—É—Ä—å–µ—Ä—ã,{'–†–µ–≥—É–ª—è—Ä–Ω—ã–µ –æ–ø–æ–∑–¥–∞–Ω–∏—è'},[3]
–ß–∞—Å—Ç–æ –æ–ø–∞–∑–¥—ã–≤–∞–µ—Ç–µ,{'–†–µ–≥—É–ª—è—Ä–Ω—ã–µ –æ–ø–æ–∑–¥–∞–Ω–∏—è'},[3]
–Ø –æ –≤–∞—Å –Ω–µ –¥—É–º–∞—é,{'–ù–µ—Ç —Å–º—ã—Å–ª–∞'},[19]
–≤—Å–µ –∫—Ä—É—Ç–æ,{'–°–ø–∞—Å–∏–±–æ'},[18]
–≤—Å–µ –Ω—Ä–∞–≤–∏—Ç—Å—è,{'–°–ø–∞—Å–∏–±–æ'},[18]
–≤—ã –ª—É—á—à–∏–µ,{'–°–ø–∞—Å–∏–±–æ'},[18]
–≥–æ–≤–Ω–æ,{'–ù–µ—Ç —Å–º—ã—Å–ª–∞'},[19]
–¥–æ–ª–≥–∞—è –¥–æ—Å—Ç–∞–≤–∫–∞,{'–î–æ–ª–≥–∞—è –¥–æ—Å—Ç–∞–≤–∫–∞'},[0]
–¥–æ–ª–≥–æ,{'–î–æ–ª–≥–∞—è –¥–æ—Å—Ç–∞–≤–∫–∞'},[0]
–¥–æ—Ä–æ–≥–æ,{'–í—ã—Å–æ–∫–∏–µ —Ü–µ–Ω—ã'},[12]
–∫–ª–∞—Å—Å,{'–ù–µ—Ç —Å–º—ã—Å–ª–∞'},[19]
–∫—Ä—É—Ç–æ,{'–í—Å—ë –Ω–æ—Ä–º–∞–ª—å–Ω–æ'},[20]
–º—è—É,{'–ù–µ—Ç —Å–º—ã—Å–ª–∞'},[19]
–Ω–µ –æ—á–µ–Ω—å,{'–í—Å—ë –Ω–æ—Ä–º–∞–ª—å–Ω–æ'},[20]
–Ω–æ—Ä–º,{'–í—Å—ë –Ω–æ—Ä–º–∞–ª—å–Ω–æ'},[20]
–æ–∫,{'–ù–µ—Ç —Å–º—ã—Å–ª–∞'},[19]
–æ—á–µ–Ω—å –¥–æ–ª–≥–∞—è –¥–æ—Å—Ç–∞–≤–∫–∞,{'–î–æ–ª–≥–∞—è –¥–æ—Å—Ç–∞–≤–∫–∞'},[0]
–æ—á–µ–Ω—å –¥–æ–ª–≥–æ,{'–î–æ–ª–≥–∞—è –¥–æ—Å—Ç–∞–≤–∫–∞'},[0]
–ø—Ä–∏–≤–µ—Ç,{'–ù–µ—Ç —Å–º—ã—Å–ª–∞'},[19]
—Å—É–ø–µ—Ä,{'–°–ø–∞—Å–∏–±–æ'},[18]
—Ö—É–π–Ω—è,{'–ù–µ—Ç —Å–º—ã—Å–ª–∞'},[19]
‚Ä¶,{'–ù–µ—Ç —Å–º—ã—Å–ª–∞'},[19]
‚ù§Ô∏è,{'–°–ø–∞—Å–∏–±–æ'},[18]
üëç,{'–°–ø–∞—Å–∏–±–æ'},[18]
üëçüèª,{'–°–ø–∞—Å–∏–±–æ'},[18]
üëçüèº,{'–°–ø–∞—Å–∏–±–æ'},[18]
üòä,{'–°–ø–∞—Å–∏–±–æ'},[18]
üò°,{'–ù–µ—Ç —Å–º—ã—Å–ª–∞'},[19]
ü§Æ,{'–ù–µ—Ç —Å–º—ã—Å–ª–∞'},[19]
